{"offline_id": "3d7efb7ec9bd478ab0d7d96ae70fb2fd", "project_name": "yolov5", "start_time": 1718014589715, "stop_time": 1718014613014, "tags": [], "workspace": null, "resume_strategy": "create", "customer_error_reported": true, "customer_error_message": "Unexpected error detected in the user script: AssertionError('\\x1b[34m\\x1b[1mtrain: \\x1b[0mNo labels found in C:\\\\Users\\\\steve\\\\Downloads\\\\dap_thewi\\\\dap_thewi-main\\\\data\\\\labels\\\\train.cache, can not start training. See https://docs.ultralytics.com/yolov5/tutorials/train_custom_data')", "user_provided_experiment_key": false, "comet_start_sourced": false}