{"payload":{"installed_packages":["about-time==4.2.1","absl-py==2.1.0","alive-progress==3.1.5","asttokens==2.4.1","astunparse==1.6.3","attrs==23.2.0","autograd==1.6.2","autopep8==1.7.0","beautifulsoup4==4.12.3","bleach==6.1.0","cachetools==5.3.3","cattrs==23.2.3","certifi==2024.2.2","cffi==1.15.1","charset-normalizer==3.3.2","chex==0.1.86","click==8.1.3","cloudpickle==3.0.0","cma==3.2.2","colorama==0.4.5","comet-ml==3.42.1","comm==0.2.1","configobj==5.0.8","contourpy==1.2.0","coremltools==7.2","cryptography==38.0.1","cycler==0.12.1","debugpy==1.8.1","decorator==5.1.1","defusedxml==0.7.1","deprecated==1.2.14","dill==0.3.8","dulwich==0.22.1","easyocr==1.7.1","editdistance==0.8.1","efficientnet==1.0.0","essential-generators==1.0","etils==1.7.0","everett==3.1.0","exceptiongroup==1.2.0","executing==2.0.1","fastjsonschema==2.19.1","fhict-cb-01==0.1","filelock==3.14.0","flask==2.2.2","flask-login==0.6.2","flatbuffers==24.3.25","flax==0.8.4","fonttools==4.49.0","fsspec==2024.5.0","future==1.0.0","gast==0.5.4","gitdb==4.0.11","gitpython==3.1.43","google-auth==2.29.0","google-auth-oauthlib==1.2.0","google-pasta==0.2.0","grapheme==0.6.0","greenlet==1.1.3","grpcio==1.64.0","h5py==3.11.0","idna==3.7","imageio==2.34.1","imgaug==0.4.0","importlib_resources==6.4.0","intel-openmp==2021.4.0","ipykernel==6.29.2","ipython==8.22.1","itsdangerous==2.1.2","jax==0.4.28","jaxlib==0.4.28","jedi==0.19.1","jinja2==3.1.2","joblib==1.3.2","jsonschema==4.21.1","jsonschema-specifications==2023.12.1","jstyleson==0.0.2","jupyter_client==8.6.0","jupyter_core==5.7.1","jupyterlab_pygments==0.3.0","keras==2.15.0","keras-applications==1.0.8","keras-ocr==0.9.3","kiwisolver==1.4.5","labelimg==1.8.6","lazy_loader==0.4","libclang==18.1.1","llvmlite==0.42.0","lxml==5.2.2","markdown==3.6","markdown-it-py==3.0.0","markupsafe==2.1.1","matplotlib==3.8.3","matplotlib-inline==0.1.6","mdurl==0.1.2","missingno==0.5.2","mistune==3.0.2","mkl==2021.4.0","ml-dtypes==0.3.2","mpmath==1.3.0","msgpack==1.0.8","namex==0.0.8","natsort==8.4.0","nbclient==0.9.0","nbconvert==7.16.1","nbformat==5.9.2","nest-asyncio==1.6.0","networkx==3.3","ninja==1.11.1.1","nncf==2.10.0","numba==0.59.0","numpy==1.26.4","nvidia-cuda-runtime-cu12==12.5.39","oauthlib==3.2.2","onnx==1.16.1","onnxsim==0.4.36","opencv-python==4.9.0.80","opencv-python-headless==4.10.0.82","openvino==2024.1.0","openvino-telemetry==2024.1.0","opt-einsum==3.3.0","optax==0.2.2","optree==0.11.0","orbax-checkpoint==0.5.15","packaging==23.2","pandas==2.2.1","pandocfilters==1.5.1","parso==0.8.3","pillow==10.3.0","pip==24.0","platformdirs==4.2.0","prompt-toolkit==3.0.43","protobuf==3.20.3","psutil==5.9.8","pure-eval==0.2.2","py==1.11.0","py-cpuinfo==9.0.0","pyaml==24.4.0","pyasn1==0.6.0","pyasn1_modules==0.4.0","pybind11==2.12.0","pyclipper==1.3.0.post5","pycocotools==2.0.7","pycodestyle==2.9.1","pycountry==23.12.11","pycparser==2.21","pydot==2.0.0","pygments==2.17.2","pymata4==1.15","pymoo==0.6.1.1","pyparsing==3.1.1","pyqt5==5.15.10","pyqt5-qt5==5.15.2","pyqt5-sip==12.13.0","pyserial==3.5","python-bidi==0.4.2","python-box==6.1.0","python-dateutil==2.8.2","pytz==2024.1","pywin32==306","pyyaml==6.0.1","pyzmq==25.1.2","referencing==0.33.0","requests==2.32.2","requests-oauthlib==2.0.0","requests-toolbelt==1.0.0","rich==13.7.1","rpds-py==0.18.0","rsa==4.9","scikit-image==0.23.2","scikit-learn==1.4.1.post1","scipy==1.12.0","seaborn==0.13.2","semantic-version==2.10.0","sentry-sdk==2.3.1","setuptools==70.0.0","shap==0.44.1","shapely==2.0.4","simplejson==3.19.2","six==1.16.0","slicer==0.0.7","smmap==5.0.1","soupsieve==2.5","sqlalchemy==1.4.40","stack-data==0.6.3","sympy==1.12","tabulate==0.9.0","tbb==2021.12.0","tensorboard==2.15.2","tensorboard-data-server==0.7.2","tensorflow==2.15.1","tensorflow-estimator==2.15.0","tensorflow-hub==0.16.1","tensorflow-intel==2.15.1","tensorflow-io-gcs-filesystem==0.31.0","tensorflow_decision_forests==1.8.1","tensorflowjs==4.19.0","tensorrt==10.0.1","tensorrt-cu12==10.0.1","tensorrt-cu12_bindings==10.0.1","tensorrt-cu12_libs==10.0.1","tensorstore==0.1.60","termcolor==2.4.0","tf_keras==2.15.1","tflite-support==0.1.0a1","thop==0.1.1-2209072238","threadpoolctl==3.3.0","tifffile==2024.5.22","tinycss2==1.2.1","toml==0.10.2","toolz==0.12.1","torch==2.3.0","torchvision==0.18.0","tornado==6.4","tqdm==4.66.2","traitlets==5.14.1","typing_extensions==4.12.0","tzdata==2024.1","ucimlrepo==0.0.3","ultralytics==8.2.20","urllib3==2.2.1","validators==0.28.3","wcwidth==0.2.13","webencodings==0.5.1","werkzeug==2.2.2","wheel==0.43.0","wrapt==1.14.1","wurlitzer==3.1.0","x2paddle==1.4.1","zipp==3.19.1"],"message_id":1},"type":"installed_packages"}
{"payload":{"command":["train.py","--img","640","--batch","16","--epochs","100","--data","data/cow_ear_tags.yaml","--weights","yolov5s.pt"],"env":null,"hostname":"Stevens-laptop","ip":"145.93.40.165","machine":"AMD64","message_id":2,"os":"Windows-10-10.0.22631-SP0","os_release":"10","os_type":"Windows","pid":29676,"processor":"AMD64 Family 25 Model 80 Stepping 0, AuthenticAMD","python_exe":"c:\\Users\\steve\\AppData\\Local\\Programs\\Python\\Python310\\python.exe","python_version":"3.10.6","python_version_verbose":"3.10.6 (tags/v3.10.6:9c7b4bd, Aug  1 2022, 21:53:49) [MSC v.1932 64 bit (AMD64)]","user":"steve"},"type":"system_details"}
{"payload":{"gpu_static_info":[{"gpu_index":0,"name":"NVIDIA GeForce RTX 3050 Ti Laptop GPU","power_limit":null,"total_memory":4294967296,"uuid":"GPU-a7155d48-96b7-7e43-2b09-b19a35b5f64c"}],"message_id":3},"type":"gpu_static_info"}
{"payload":{"local_timestamp":1718010287094,"message_id":4,"metric":{"epoch":null,"metricName":"sys.gpu.0.total_memory","metricValue":4294967296,"step":null}},"type":"metric_msg"}
{"payload":{"local_timestamp":1718010287095,"message_id":5,"param":{"paramName":"img","paramValue":640,"source":"cli","step":null}},"type":"parameter_msg"}
{"payload":{"local_timestamp":1718010287095,"message_id":6,"param":{"paramName":"batch","paramValue":16,"source":"cli","step":null}},"type":"parameter_msg"}
{"payload":{"local_timestamp":1718010287095,"message_id":7,"param":{"paramName":"epochs","paramValue":100,"source":"cli","step":null}},"type":"parameter_msg"}
{"payload":{"local_timestamp":1718010287095,"message_id":8,"param":{"paramName":"data","paramValue":"data/cow_ear_tags.yaml","source":"cli","step":null}},"type":"parameter_msg"}
{"payload":{"local_timestamp":1718010287095,"message_id":9,"param":{"paramName":"weights","paramValue":"yolov5s.pt","source":"cli","step":null}},"type":"parameter_msg"}
{"payload":{"key":"offline_experiment","message_id":10,"value":true},"type":"log_other"}
{"payload":{"key":"Name","message_id":11,"value":"exp"},"type":"log_other"}
{"payload":{"additional_params":{"assetId":"c76d4295f08e43eb974160b90abce386","context":null,"extension":"yaml","fileName":"cow_ear_tags.yaml","overwrite":false,"runId":null,"step":null},"clean":true,"file_path":"tmpzko5rryi","local_timestamp":1718010287098,"message_id":12,"metadata":{"type":"data-config-file"},"upload_type":"asset"},"type":"file_upload"}
{"payload":{"key":"Created from","message_id":13,"value":"YOLOv5"},"type":"log_other"}
{"payload":{"key":"hasNestedParams","message_id":14,"value":true},"type":"log_other"}
{"payload":{"local_timestamp":1718010287102,"message_id":15,"param":{"paramName":"artifact_alias","paramValue":"latest","source":"manual","step":null}},"type":"parameter_msg"}
{"payload":{"local_timestamp":1718010287102,"message_id":16,"param":{"paramName":"batch_size","paramValue":16,"source":"manual","step":null}},"type":"parameter_msg"}
{"payload":{"local_timestamp":1718010287102,"message_id":17,"param":{"paramName":"bbox_interval","paramValue":-1,"source":"manual","step":null}},"type":"parameter_msg"}
{"payload":{"local_timestamp":1718010287102,"message_id":18,"param":{"paramName":"bucket","paramValue":"","source":"manual","step":null}},"type":"parameter_msg"}
{"payload":{"local_timestamp":1718010287102,"message_id":19,"param":{"paramName":"cache","paramValue":null,"source":"manual","step":null}},"type":"parameter_msg"}
{"payload":{"local_timestamp":1718010287102,"message_id":20,"param":{"paramName":"cfg","paramValue":"","source":"manual","step":null}},"type":"parameter_msg"}
{"payload":{"local_timestamp":1718010287102,"message_id":21,"param":{"paramName":"cos_lr","paramValue":false,"source":"manual","step":null}},"type":"parameter_msg"}
{"payload":{"local_timestamp":1718010287102,"message_id":22,"param":{"paramName":"device","paramValue":"","source":"manual","step":null}},"type":"parameter_msg"}
{"payload":{"local_timestamp":1718010287102,"message_id":23,"param":{"paramName":"entity","paramValue":null,"source":"manual","step":null}},"type":"parameter_msg"}
{"payload":{"local_timestamp":1718010287102,"message_id":24,"param":{"paramName":"evolve","paramValue":null,"source":"manual","step":null}},"type":"parameter_msg"}
{"payload":{"local_timestamp":1718010287102,"message_id":25,"param":{"paramName":"evolve_population","paramValue":"data\\hyps","source":"manual","step":null}},"type":"parameter_msg"}
{"payload":{"local_timestamp":1718010287102,"message_id":26,"param":{"paramName":"exist_ok","paramValue":false,"source":"manual","step":null}},"type":"parameter_msg"}
{"payload":{"local_timestamp":1718010287102,"message_id":27,"params":{"paramName":"freeze","paramValue":[0],"source":"manual","step":null}},"type":"parameter_msg"}
{"payload":{"local_timestamp":1718010287102,"message_id":28,"param":{"paramName":"hyp|anchor_t","paramValue":4.0,"source":"manual","step":null}},"type":"parameter_msg"}
{"payload":{"local_timestamp":1718010287102,"message_id":29,"param":{"paramName":"hyp|box","paramValue":0.05,"source":"manual","step":null}},"type":"parameter_msg"}
{"payload":{"local_timestamp":1718010287102,"message_id":30,"param":{"paramName":"hyp|cls","paramValue":0.5,"source":"manual","step":null}},"type":"parameter_msg"}
{"payload":{"local_timestamp":1718010287102,"message_id":31,"param":{"paramName":"hyp|cls_pw","paramValue":1.0,"source":"manual","step":null}},"type":"parameter_msg"}
{"payload":{"local_timestamp":1718010287102,"message_id":32,"param":{"paramName":"hyp|copy_paste","paramValue":0.0,"source":"manual","step":null}},"type":"parameter_msg"}
{"payload":{"local_timestamp":1718010287102,"message_id":33,"param":{"paramName":"hyp|degrees","paramValue":0.0,"source":"manual","step":null}},"type":"parameter_msg"}
{"payload":{"local_timestamp":1718010287102,"message_id":34,"param":{"paramName":"hyp|fl_gamma","paramValue":0.0,"source":"manual","step":null}},"type":"parameter_msg"}
{"payload":{"local_timestamp":1718010287102,"message_id":35,"param":{"paramName":"hyp|fliplr","paramValue":0.5,"source":"manual","step":null}},"type":"parameter_msg"}
{"payload":{"local_timestamp":1718010287102,"message_id":36,"param":{"paramName":"hyp|flipud","paramValue":0.0,"source":"manual","step":null}},"type":"parameter_msg"}
{"payload":{"local_timestamp":1718010287102,"message_id":37,"param":{"paramName":"hyp|hsv_h","paramValue":0.015,"source":"manual","step":null}},"type":"parameter_msg"}
{"payload":{"local_timestamp":1718010287102,"message_id":38,"param":{"paramName":"hyp|hsv_s","paramValue":0.7,"source":"manual","step":null}},"type":"parameter_msg"}
{"payload":{"local_timestamp":1718010287102,"message_id":39,"param":{"paramName":"hyp|hsv_v","paramValue":0.4,"source":"manual","step":null}},"type":"parameter_msg"}
{"payload":{"local_timestamp":1718010287102,"message_id":40,"param":{"paramName":"hyp|iou_t","paramValue":0.2,"source":"manual","step":null}},"type":"parameter_msg"}
{"payload":{"local_timestamp":1718010287102,"message_id":41,"param":{"paramName":"hyp|lr0","paramValue":0.01,"source":"manual","step":null}},"type":"parameter_msg"}
{"payload":{"local_timestamp":1718010287102,"message_id":42,"param":{"paramName":"hyp|lrf","paramValue":0.01,"source":"manual","step":null}},"type":"parameter_msg"}
{"payload":{"local_timestamp":1718010287102,"message_id":43,"param":{"paramName":"hyp|mixup","paramValue":0.0,"source":"manual","step":null}},"type":"parameter_msg"}
{"payload":{"local_timestamp":1718010287102,"message_id":44,"param":{"paramName":"hyp|momentum","paramValue":0.937,"source":"manual","step":null}},"type":"parameter_msg"}
{"payload":{"local_timestamp":1718010287102,"message_id":45,"param":{"paramName":"hyp|mosaic","paramValue":1.0,"source":"manual","step":null}},"type":"parameter_msg"}
{"payload":{"local_timestamp":1718010287102,"message_id":46,"param":{"paramName":"hyp|obj","paramValue":1.0,"source":"manual","step":null}},"type":"parameter_msg"}
{"payload":{"local_timestamp":1718010287102,"message_id":47,"param":{"paramName":"hyp|obj_pw","paramValue":1.0,"source":"manual","step":null}},"type":"parameter_msg"}
{"payload":{"local_timestamp":1718010287102,"message_id":48,"param":{"paramName":"hyp|perspective","paramValue":0.0,"source":"manual","step":null}},"type":"parameter_msg"}
{"payload":{"local_timestamp":1718010287103,"message_id":49,"param":{"paramName":"hyp|scale","paramValue":0.5,"source":"manual","step":null}},"type":"parameter_msg"}
{"payload":{"local_timestamp":1718010287103,"message_id":50,"param":{"paramName":"hyp|shear","paramValue":0.0,"source":"manual","step":null}},"type":"parameter_msg"}
{"payload":{"local_timestamp":1718010287103,"message_id":51,"param":{"paramName":"hyp|translate","paramValue":0.1,"source":"manual","step":null}},"type":"parameter_msg"}
{"payload":{"local_timestamp":1718010287103,"message_id":52,"param":{"paramName":"hyp|warmup_bias_lr","paramValue":0.1,"source":"manual","step":null}},"type":"parameter_msg"}
{"payload":{"local_timestamp":1718010287103,"message_id":53,"param":{"paramName":"hyp|warmup_epochs","paramValue":3.0,"source":"manual","step":null}},"type":"parameter_msg"}
{"payload":{"local_timestamp":1718010287103,"message_id":54,"param":{"paramName":"hyp|warmup_momentum","paramValue":0.8,"source":"manual","step":null}},"type":"parameter_msg"}
{"payload":{"local_timestamp":1718010287103,"message_id":55,"param":{"paramName":"hyp|weight_decay","paramValue":0.0005,"source":"manual","step":null}},"type":"parameter_msg"}
{"payload":{"local_timestamp":1718010287103,"message_id":56,"param":{"paramName":"image_weights","paramValue":false,"source":"manual","step":null}},"type":"parameter_msg"}
{"payload":{"local_timestamp":1718010287103,"message_id":57,"param":{"paramName":"imgsz","paramValue":640,"source":"manual","step":null}},"type":"parameter_msg"}
{"payload":{"local_timestamp":1718010287103,"message_id":58,"param":{"paramName":"label_smoothing","paramValue":0.0,"source":"manual","step":null}},"type":"parameter_msg"}
{"payload":{"local_timestamp":1718010287103,"message_id":59,"param":{"paramName":"local_rank","paramValue":-1,"source":"manual","step":null}},"type":"parameter_msg"}
{"payload":{"local_timestamp":1718010287103,"message_id":60,"param":{"paramName":"multi_scale","paramValue":false,"source":"manual","step":null}},"type":"parameter_msg"}
{"payload":{"local_timestamp":1718010287103,"message_id":61,"param":{"paramName":"name","paramValue":"exp","source":"manual","step":null}},"type":"parameter_msg"}
{"payload":{"local_timestamp":1718010287103,"message_id":62,"param":{"paramName":"ndjson_console","paramValue":false,"source":"manual","step":null}},"type":"parameter_msg"}
{"payload":{"local_timestamp":1718010287103,"message_id":63,"param":{"paramName":"ndjson_file","paramValue":false,"source":"manual","step":null}},"type":"parameter_msg"}
{"payload":{"local_timestamp":1718010287103,"message_id":64,"param":{"paramName":"noautoanchor","paramValue":false,"source":"manual","step":null}},"type":"parameter_msg"}
{"payload":{"local_timestamp":1718010287103,"message_id":65,"param":{"paramName":"noplots","paramValue":false,"source":"manual","step":null}},"type":"parameter_msg"}
{"payload":{"local_timestamp":1718010287103,"message_id":66,"param":{"paramName":"nosave","paramValue":false,"source":"manual","step":null}},"type":"parameter_msg"}
{"payload":{"local_timestamp":1718010287103,"message_id":67,"param":{"paramName":"noval","paramValue":false,"source":"manual","step":null}},"type":"parameter_msg"}
{"payload":{"local_timestamp":1718010287103,"message_id":68,"param":{"paramName":"optimizer","paramValue":"SGD","source":"manual","step":null}},"type":"parameter_msg"}
{"payload":{"local_timestamp":1718010287103,"message_id":69,"param":{"paramName":"patience","paramValue":100,"source":"manual","step":null}},"type":"parameter_msg"}
{"payload":{"local_timestamp":1718010287103,"message_id":70,"param":{"paramName":"project","paramValue":"runs\\train","source":"manual","step":null}},"type":"parameter_msg"}
{"payload":{"local_timestamp":1718010287103,"message_id":71,"param":{"paramName":"quad","paramValue":false,"source":"manual","step":null}},"type":"parameter_msg"}
{"payload":{"local_timestamp":1718010287103,"message_id":72,"param":{"paramName":"rect","paramValue":false,"source":"manual","step":null}},"type":"parameter_msg"}
{"payload":{"local_timestamp":1718010287103,"message_id":73,"param":{"paramName":"resume","paramValue":false,"source":"manual","step":null}},"type":"parameter_msg"}
{"payload":{"local_timestamp":1718010287103,"message_id":74,"param":{"paramName":"resume_evolve","paramValue":null,"source":"manual","step":null}},"type":"parameter_msg"}
{"payload":{"local_timestamp":1718010287103,"message_id":75,"param":{"paramName":"save_dir","paramValue":"runs\\train\\exp8","source":"manual","step":null}},"type":"parameter_msg"}
{"payload":{"local_timestamp":1718010287103,"message_id":76,"param":{"paramName":"save_period","paramValue":-1,"source":"manual","step":null}},"type":"parameter_msg"}
{"payload":{"local_timestamp":1718010287103,"message_id":77,"param":{"paramName":"seed","paramValue":0,"source":"manual","step":null}},"type":"parameter_msg"}
{"payload":{"local_timestamp":1718010287103,"message_id":78,"param":{"paramName":"single_cls","paramValue":false,"source":"manual","step":null}},"type":"parameter_msg"}
{"payload":{"local_timestamp":1718010287103,"message_id":79,"param":{"paramName":"sync_bn","paramValue":false,"source":"manual","step":null}},"type":"parameter_msg"}
{"payload":{"local_timestamp":1718010287103,"message_id":80,"param":{"paramName":"upload_dataset","paramValue":false,"source":"manual","step":null}},"type":"parameter_msg"}
{"payload":{"local_timestamp":1718010287103,"message_id":81,"param":{"paramName":"workers","paramValue":8,"source":"manual","step":null}},"type":"parameter_msg"}
{"payload":{"local_timestamp":1718010287103,"message_id":82,"param":{"paramName":"anchor_t","paramValue":4.0,"source":"manual","step":null}},"type":"parameter_msg"}
{"payload":{"local_timestamp":1718010287103,"message_id":83,"param":{"paramName":"box","paramValue":0.05,"source":"manual","step":null}},"type":"parameter_msg"}
{"payload":{"local_timestamp":1718010287103,"message_id":84,"param":{"paramName":"cls","paramValue":0.5,"source":"manual","step":null}},"type":"parameter_msg"}
{"payload":{"local_timestamp":1718010287103,"message_id":85,"param":{"paramName":"cls_pw","paramValue":1.0,"source":"manual","step":null}},"type":"parameter_msg"}
{"payload":{"local_timestamp":1718010287103,"message_id":86,"param":{"paramName":"copy_paste","paramValue":0.0,"source":"manual","step":null}},"type":"parameter_msg"}
{"payload":{"local_timestamp":1718010287103,"message_id":87,"param":{"paramName":"degrees","paramValue":0.0,"source":"manual","step":null}},"type":"parameter_msg"}
{"payload":{"local_timestamp":1718010287103,"message_id":88,"param":{"paramName":"fl_gamma","paramValue":0.0,"source":"manual","step":null}},"type":"parameter_msg"}
{"payload":{"local_timestamp":1718010287103,"message_id":89,"param":{"paramName":"fliplr","paramValue":0.5,"source":"manual","step":null}},"type":"parameter_msg"}
{"payload":{"local_timestamp":1718010287103,"message_id":90,"param":{"paramName":"flipud","paramValue":0.0,"source":"manual","step":null}},"type":"parameter_msg"}
{"payload":{"local_timestamp":1718010287103,"message_id":91,"param":{"paramName":"hsv_h","paramValue":0.015,"source":"manual","step":null}},"type":"parameter_msg"}
{"payload":{"local_timestamp":1718010287103,"message_id":92,"param":{"paramName":"hsv_s","paramValue":0.7,"source":"manual","step":null}},"type":"parameter_msg"}
{"payload":{"local_timestamp":1718010287103,"message_id":93,"param":{"paramName":"hsv_v","paramValue":0.4,"source":"manual","step":null}},"type":"parameter_msg"}
{"payload":{"local_timestamp":1718010287103,"message_id":94,"param":{"paramName":"iou_t","paramValue":0.2,"source":"manual","step":null}},"type":"parameter_msg"}
{"payload":{"local_timestamp":1718010287103,"message_id":95,"param":{"paramName":"lr0","paramValue":0.01,"source":"manual","step":null}},"type":"parameter_msg"}
{"payload":{"local_timestamp":1718010287103,"message_id":96,"param":{"paramName":"lrf","paramValue":0.01,"source":"manual","step":null}},"type":"parameter_msg"}
{"payload":{"local_timestamp":1718010287103,"message_id":97,"param":{"paramName":"mixup","paramValue":0.0,"source":"manual","step":null}},"type":"parameter_msg"}
{"payload":{"local_timestamp":1718010287103,"message_id":98,"param":{"paramName":"momentum","paramValue":0.937,"source":"manual","step":null}},"type":"parameter_msg"}
{"payload":{"local_timestamp":1718010287103,"message_id":99,"param":{"paramName":"mosaic","paramValue":1.0,"source":"manual","step":null}},"type":"parameter_msg"}
{"payload":{"local_timestamp":1718010287103,"message_id":100,"param":{"paramName":"obj","paramValue":1.0,"source":"manual","step":null}},"type":"parameter_msg"}
{"payload":{"local_timestamp":1718010287103,"message_id":101,"param":{"paramName":"obj_pw","paramValue":1.0,"source":"manual","step":null}},"type":"parameter_msg"}
{"payload":{"local_timestamp":1718010287103,"message_id":102,"param":{"paramName":"perspective","paramValue":0.0,"source":"manual","step":null}},"type":"parameter_msg"}
{"payload":{"local_timestamp":1718010287103,"message_id":103,"param":{"paramName":"scale","paramValue":0.5,"source":"manual","step":null}},"type":"parameter_msg"}
{"payload":{"local_timestamp":1718010287103,"message_id":104,"param":{"paramName":"shear","paramValue":0.0,"source":"manual","step":null}},"type":"parameter_msg"}
{"payload":{"local_timestamp":1718010287103,"message_id":105,"param":{"paramName":"translate","paramValue":0.1,"source":"manual","step":null}},"type":"parameter_msg"}
{"payload":{"local_timestamp":1718010287103,"message_id":106,"param":{"paramName":"warmup_bias_lr","paramValue":0.1,"source":"manual","step":null}},"type":"parameter_msg"}
{"payload":{"local_timestamp":1718010287103,"message_id":107,"param":{"paramName":"warmup_epochs","paramValue":3.0,"source":"manual","step":null}},"type":"parameter_msg"}
{"payload":{"local_timestamp":1718010287103,"message_id":108,"param":{"paramName":"warmup_momentum","paramValue":0.8,"source":"manual","step":null}},"type":"parameter_msg"}
{"payload":{"local_timestamp":1718010287103,"message_id":109,"param":{"paramName":"weight_decay","paramValue":0.0005,"source":"manual","step":null}},"type":"parameter_msg"}
{"payload":{"additional_params":{"assetId":"6ad1b01ad50043eba813c47865d441a2","context":null,"epoch":null,"extension":"json","fileName":"hyperparameters.json","overwrite":false,"runId":null,"step":null},"clean":true,"file_path":"tmp_mtawz8j","local_timestamp":1718010287110,"message_id":110,"metadata":{"type":"hyp-config-file"},"upload_type":"asset"},"type":"file_upload"}
{"payload":{"local_timestamp":1718010287103,"message_id":111,"metric":{"epoch":null,"metricName":"sys.gpu.0.gpu_utilization","metricValue":0,"step":null}},"type":"metric_msg"}
{"payload":{"local_timestamp":1718010287103,"message_id":112,"metric":{"epoch":null,"metricName":"sys.gpu.0.power_usage","metricValue":11912,"step":null}},"type":"metric_msg"}
{"payload":{"local_timestamp":1718010287103,"message_id":113,"metric":{"epoch":null,"metricName":"sys.gpu.0.temperature","metricValue":43,"step":null}},"type":"metric_msg"}
{"payload":{"local_timestamp":1718010287103,"message_id":114,"metric":{"epoch":null,"metricName":"sys.gpu.0.memory_utilization","metricValue":0,"step":null}},"type":"metric_msg"}
{"payload":{"local_timestamp":1718010287103,"message_id":115,"metric":{"epoch":null,"metricName":"sys.gpu.0.free_memory","metricValue":4183818240,"step":null}},"type":"metric_msg"}
{"payload":{"local_timestamp":1718010287103,"message_id":116,"metric":{"epoch":null,"metricName":"sys.gpu.0.used_memory","metricValue":111149056,"step":null}},"type":"metric_msg"}
{"payload":{"local_timestamp":1718010287103,"message_id":117,"metric":{"epoch":null,"metricName":"sys.gpu.0.percent.used_memory","metricValue":2.587890625,"step":null}},"type":"metric_msg"}
{"payload":{"additional_params":{"assetId":"6ce5ff3fe2864b7daf21f0bb909d79a8","context":null,"extension":"yaml","fileName":"opt.yaml","overwrite":false,"runId":null,"step":null},"clean":true,"file_path":"tmp1o7oj2h2","local_timestamp":1718010287109,"message_id":118,"metadata":{"type":"opt-config-file"},"upload_type":"asset"},"type":"file_upload"}
{"payload":{"local_timestamp":1718010287109,"message_id":119,"param":{"paramName":"val_conf_threshold","paramValue":0.001,"source":"manual","step":null}},"type":"parameter_msg"}
{"payload":{"local_timestamp":1718010287109,"message_id":120,"param":{"paramName":"val_iou_threshold","paramValue":0.6,"source":"manual","step":null}},"type":"parameter_msg"}
{"payload":{"key":"comet_mode","message_id":121,"value":"online"},"type":"log_other"}
{"payload":{"key":"comet_max_image_uploads","message_id":122,"value":100},"type":"log_other"}
{"payload":{"key":"comet_log_per_class_metrics","message_id":123,"value":false},"type":"log_other"}
{"payload":{"key":"comet_log_batch_metrics","message_id":124,"value":false},"type":"log_other"}
{"payload":{"key":"comet_log_confusion_matrix","message_id":125,"value":true},"type":"log_other"}
{"payload":{"key":"comet_model_name","message_id":126,"value":"yolov5"},"type":"log_other"}
{"payload":{"local_timestamp":1718010287186,"message_id":127,"output":"Overriding model.yaml nc=80 with nc=1\n","stderr":true},"type":"standard_output"}
{"payload":{"local_timestamp":1718010287186,"message_id":128,"output":"\n                 from  n    params  module                                  arguments                     \n","stderr":true},"type":"standard_output"}
{"payload":{"local_timestamp":1718010287186,"message_id":129,"output":"  0                -1  1      3520  models.common.Conv                      [3, 32, 6, 2, 2]              \n","stderr":true},"type":"standard_output"}
{"payload":{"local_timestamp":1718010287186,"message_id":130,"output":"  1                -1  1     18560  models.common.Conv                      [32, 64, 3, 2]                \n","stderr":true},"type":"standard_output"}
{"payload":{"local_timestamp":1718010287195,"message_id":131,"output":"  2                -1  1     18816  models.common.C3                        [64, 64, 1]                   \n","stderr":true},"type":"standard_output"}
{"payload":{"local_timestamp":1718010287510,"message_id":132,"metric":{"epoch":null,"metricName":"sys.cpu.percent.avg","metricValue":0.0,"step":null}},"type":"metric_msg"}
{"payload":{"local_timestamp":1718010287510,"message_id":133,"metric":{"epoch":null,"metricName":"sys.ram.total","metricValue":16541487104,"step":null}},"type":"metric_msg"}
{"payload":{"local_timestamp":1718010287510,"message_id":134,"metric":{"epoch":null,"metricName":"sys.ram.used","metricValue":9751629824,"step":null}},"type":"metric_msg"}
{"payload":{"local_timestamp":1718010287510,"message_id":135,"metric":{"epoch":null,"metricName":"sys.ram.available","metricValue":6789857280,"step":null}},"type":"metric_msg"}
{"payload":{"local_timestamp":1718010287510,"message_id":136,"metric":{"epoch":null,"metricName":"sys.ram.percent.used","metricValue":59.0,"step":null}},"type":"metric_msg"}
{"payload":{"local_timestamp":1718010287510,"message_id":137,"metric":{"epoch":null,"metricName":"sys.load.avg","metricValue":0.0,"step":null}},"type":"metric_msg"}
{"payload":{"local_timestamp":1718010287519,"message_id":138,"output":"  3                -1  1     73984  models.common.Conv                      [64, 128, 3, 2]               \n","stderr":true},"type":"standard_output"}
{"payload":{"local_timestamp":1718010287524,"message_id":139,"output":"  4                -1  2    115712  models.common.C3                        [128, 128, 2]                 \n","stderr":true},"type":"standard_output"}
{"payload":{"local_timestamp":1718010287527,"message_id":140,"output":"  5                -1  1    295424  models.common.Conv                      [128, 256, 3, 2]              \n","stderr":true},"type":"standard_output"}
{"payload":{"local_timestamp":1718010287529,"message_id":141,"output":"COMET INFO: Couldn't find a Git repository in 'C:\\\\Users\\\\steve\\\\Downloads\\\\dap_thewi\\\\dap_thewi-main' nor in any parent directory. Set `COMET_GIT_DIRECTORY` if your Git Repository is elsewhere.\n","stderr":true},"type":"standard_output"}
{"payload":{"local_timestamp":1718010287529,"message_id":142,"output":"  6                -1  3    625152  models.common.C3                        [256, 256, 3]                 \n","stderr":true},"type":"standard_output"}
{"payload":{"local_timestamp":1718010287536,"message_id":143,"output":"  7                -1  1   1180672  models.common.Conv                      [256, 512, 3, 2]              \n","stderr":true},"type":"standard_output"}
{"payload":{"local_timestamp":1718010287546,"message_id":144,"output":"  8                -1  1   1182720  models.common.C3                        [512, 512, 1]                 \n","stderr":true},"type":"standard_output"}
{"payload":{"local_timestamp":1718010287549,"message_id":145,"output":"  9                -1  1    656896  models.common.SPPF                      [512, 512, 5]                 \n","stderr":true},"type":"standard_output"}
{"payload":{"local_timestamp":1718010287549,"message_id":146,"output":" 10                -1  1    131584  models.common.Conv                      [512, 256, 1, 1]              \n","stderr":true},"type":"standard_output"}
{"payload":{"local_timestamp":1718010287550,"message_id":147,"output":" 11                -1  1         0  torch.nn.modules.upsampling.Upsample    [None, 2, 'nearest']          \n","stderr":true},"type":"standard_output"}
{"payload":{"local_timestamp":1718010287550,"message_id":148,"output":" 12           [-1, 6]  1         0  models.common.Concat                    [1]                           \n","stderr":true},"type":"standard_output"}
{"payload":{"local_timestamp":1718010287552,"message_id":149,"output":" 13                -1  1    361984  models.common.C3                        [512, 256, 1, False]          \n","stderr":true},"type":"standard_output"}
{"payload":{"local_timestamp":1718010287552,"message_id":150,"output":" 14                -1  1     33024  models.common.Conv                      [256, 128, 1, 1]              \n","stderr":true},"type":"standard_output"}
{"payload":{"local_timestamp":1718010287552,"message_id":151,"output":" 15                -1  1         0  torch.nn.modules.upsampling.Upsample    [None, 2, 'nearest']          \n","stderr":true},"type":"standard_output"}
{"payload":{"local_timestamp":1718010287552,"message_id":152,"output":" 16           [-1, 4]  1         0  models.common.Concat                    [1]                           \n","stderr":true},"type":"standard_output"}
{"payload":{"local_timestamp":1718010287552,"message_id":153,"output":" 17                -1  1     90880  models.common.C3                        [256, 128, 1, False]          \n","stderr":true},"type":"standard_output"}
{"payload":{"local_timestamp":1718010287552,"message_id":154,"output":" 18                -1  1    147712  models.common.Conv                      [128, 128, 3, 2]              \n","stderr":true},"type":"standard_output"}
{"payload":{"local_timestamp":1718010287552,"message_id":155,"output":" 19          [-1, 14]  1         0  models.common.Concat                    [1]                           \n","stderr":true},"type":"standard_output"}
{"payload":{"local_timestamp":1718010287552,"message_id":156,"output":" 20                -1  1    296448  models.common.C3                        [256, 256, 1, False]          \n","stderr":true},"type":"standard_output"}
{"payload":{"local_timestamp":1718010287561,"message_id":157,"output":" 21                -1  1    590336  models.common.Conv                      [256, 256, 3, 2]              \n","stderr":true},"type":"standard_output"}
{"payload":{"local_timestamp":1718010287561,"message_id":158,"output":" 22          [-1, 10]  1         0  models.common.Concat                    [1]                           \n","stderr":true},"type":"standard_output"}
{"payload":{"local_timestamp":1718010287567,"message_id":159,"output":" 23                -1  1   1182720  models.common.C3                        [512, 512, 1, False]          \n","stderr":true},"type":"standard_output"}
{"payload":{"local_timestamp":1718010287569,"message_id":160,"output":" 24      [17, 20, 23]  1     16182  models.yolo.Detect                      [1, [[10, 13, 16, 30, 33, 23], [30, 61, 62, 45, 59, 119], [116, 90, 156, 198, 373, 326]], [128, 256, 512]]\n","stderr":true},"type":"standard_output"}
{"payload":{"local_timestamp":1718010287724,"message_id":161,"output":"Model summary: 214 layers, 7022326 parameters, 7022326 gradients, 15.9 GFLOPs\n","stderr":true},"type":"standard_output"}
{"payload":{"local_timestamp":1718010287724,"message_id":162,"output":"\n","stderr":true},"type":"standard_output"}
{"payload":{"local_timestamp":1718010287753,"message_id":163,"output":"Transferred 343/349 items from yolov5s.pt\n","stderr":true},"type":"standard_output"}
{"payload":{"local_timestamp":1718010287753,"message_id":164,"output":"\u001b[34m\u001b[1moptimizer:\u001b[0m SGD(lr=0.01) with parameter groups 57 weight(decay=0.0), 60 weight(decay=0.0005), 60 bias\n","stderr":true},"type":"standard_output"}
{"payload":{"local_timestamp":1718010287883,"message_id":165,"output":"\r\u001b[34m\u001b[1mtrain: \u001b[0mScanning C:\\Users\\steve\\Downloads\\dap_thewi\\dap_thewi-main\\data\\labels\\train...:   0%|          | 0/185 [00:00<?, ?it/s]","stderr":true},"type":"standard_output"}
{"payload":{"local_timestamp":1718010305620,"message_id":166,"output":"\r\u001b[34m\u001b[1mtrain: \u001b[0mScanning C:\\Users\\steve\\Downloads\\dap_thewi\\dap_thewi-main\\data\\labels\\train... 1 images, 0 backgrounds, 0 corrupt:   1%|          | 1/185 [00:17<54:23, 17.74s/it]","stderr":true},"type":"standard_output"}
{"payload":{"local_timestamp":1718010305727,"message_id":167,"output":"\r\u001b[34m\u001b[1mtrain: \u001b[0mScanning C:\\Users\\steve\\Downloads\\dap_thewi\\dap_thewi-main\\data\\labels\\train... 16 images, 0 backgrounds, 0 corrupt:   9%|\u258a         | 16/185 [00:17<02:14,  1.25it/s]","stderr":true},"type":"standard_output"}
{"payload":{"local_timestamp":1718010305832,"message_id":168,"output":"\r\u001b[34m\u001b[1mtrain: \u001b[0mScanning C:\\Users\\steve\\Downloads\\dap_thewi\\dap_thewi-main\\data\\labels\\train... 39 images, 0 backgrounds, 0 corrupt:  21%|\u2588\u2588        | 39/185 [00:17<00:38,  3.83it/s]","stderr":true},"type":"standard_output"}
{"payload":{"local_timestamp":1718010305937,"message_id":169,"output":"\r\u001b[34m\u001b[1mtrain: \u001b[0mScanning C:\\Users\\steve\\Downloads\\dap_thewi\\dap_thewi-main\\data\\labels\\train... 71 images, 0 backgrounds, 0 corrupt:  38%|\u2588\u2588\u2588\u258a      | 71/185 [00:18<00:12,  8.84it/s]","stderr":true},"type":"standard_output"}
{"payload":{"local_timestamp":1718010306077,"message_id":170,"output":"\r\u001b[34m\u001b[1mtrain: \u001b[0mScanning C:\\Users\\steve\\Downloads\\dap_thewi\\dap_thewi-main\\data\\labels\\train... 96 images, 1 backgrounds, 0 corrupt:  52%|\u2588\u2588\u2588\u2588\u2588\u258f    | 97/185 [00:18<00:06, 14.27it/s]","stderr":true},"type":"standard_output"}
{"payload":{"local_timestamp":1718010306184,"message_id":171,"output":"\r\u001b[34m\u001b[1mtrain: \u001b[0mScanning C:\\Users\\steve\\Downloads\\dap_thewi\\dap_thewi-main\\data\\labels\\train... 119 images, 1 backgrounds, 0 corrupt:  65%|\u2588\u2588\u2588\u2588\u2588\u2588\u258d   | 120/185 [00:18<00:03, 20.77it/s]","stderr":true},"type":"standard_output"}
{"payload":{"local_timestamp":1718010306287,"message_id":172,"output":"\r\u001b[34m\u001b[1mtrain: \u001b[0mScanning C:\\Users\\steve\\Downloads\\dap_thewi\\dap_thewi-main\\data\\labels\\train... 180 images, 1 backgrounds, 0 corrupt:  98%|\u2588\u2588\u2588\u2588\u2588\u2588\u2588\u2588\u2588\u258a| 181/185 [00:18<00:00, 45.18it/s]","stderr":true},"type":"standard_output"}
{"payload":{"local_timestamp":1718010306292,"message_id":173,"output":"\r\u001b[34m\u001b[1mtrain: \u001b[0mScanning C:\\Users\\steve\\Downloads\\dap_thewi\\dap_thewi-main\\data\\labels\\train... 184 images, 1 backgrounds, 0 corrupt: 100%|\u2588\u2588\u2588\u2588\u2588\u2588\u2588\u2588\u2588\u2588| 185/185 [00:18<00:00, 10.05it/s]","stderr":true},"type":"standard_output"}
{"payload":{"local_timestamp":1718010306292,"message_id":174,"output":"\n","stderr":true},"type":"standard_output"}
{"payload":{"local_timestamp":1718010306392,"message_id":175,"output":"\u001b[34m\u001b[1mtrain: \u001b[0mWARNING  Cache directory C:\\Users\\steve\\Downloads\\dap_thewi\\dap_thewi-main\\data\\labels is not writeable: [WinError 183] Cannot create a file when that file already exists: 'C:\\\\Users\\\\steve\\\\Downloads\\\\dap_thewi\\\\dap_thewi-main\\\\data\\\\labels\\\\train.cache.npy' -> 'C:\\\\Users\\\\steve\\\\Downloads\\\\dap_thewi\\\\dap_thewi-main\\\\data\\\\labels\\\\train.cache'\n","stderr":true},"type":"standard_output"}
{"payload":{"local_timestamp":1718010318315,"message_id":176,"metric":{"epoch":null,"metricName":"sys.gpu.0.gpu_utilization","metricValue":0,"step":null}},"type":"metric_msg"}
{"payload":{"local_timestamp":1718010318315,"message_id":177,"metric":{"epoch":null,"metricName":"sys.gpu.0.temperature","metricValue":43,"step":null}},"type":"metric_msg"}
{"payload":{"local_timestamp":1718010318315,"message_id":178,"metric":{"epoch":null,"metricName":"sys.gpu.0.memory_utilization","metricValue":0,"step":null}},"type":"metric_msg"}
{"payload":{"local_timestamp":1718010318315,"message_id":179,"metric":{"epoch":null,"metricName":"sys.gpu.0.free_memory","metricValue":4183818240,"step":null}},"type":"metric_msg"}
{"payload":{"local_timestamp":1718010318315,"message_id":180,"metric":{"epoch":null,"metricName":"sys.gpu.0.used_memory","metricValue":111149056,"step":null}},"type":"metric_msg"}
{"payload":{"local_timestamp":1718010318315,"message_id":181,"metric":{"epoch":null,"metricName":"sys.gpu.0.percent.used_memory","metricValue":2.587890625,"step":null}},"type":"metric_msg"}
{"payload":{"local_timestamp":1718010318424,"message_id":182,"metric":{"epoch":null,"metricName":"sys.cpu.percent.avg","metricValue":18.375000000000004,"step":null}},"type":"metric_msg"}
{"payload":{"local_timestamp":1718010318424,"message_id":183,"metric":{"epoch":null,"metricName":"sys.ram.total","metricValue":16541487104,"step":null}},"type":"metric_msg"}
{"payload":{"local_timestamp":1718010318424,"message_id":184,"metric":{"epoch":null,"metricName":"sys.ram.used","metricValue":9959841792,"step":null}},"type":"metric_msg"}
{"payload":{"local_timestamp":1718010318424,"message_id":185,"metric":{"epoch":null,"metricName":"sys.ram.available","metricValue":6581645312,"step":null}},"type":"metric_msg"}
{"payload":{"local_timestamp":1718010318424,"message_id":186,"metric":{"epoch":null,"metricName":"sys.ram.percent.used","metricValue":60.2,"step":null}},"type":"metric_msg"}
{"payload":{"local_timestamp":1718010318424,"message_id":187,"metric":{"epoch":null,"metricName":"sys.load.avg","metricValue":0.08,"step":null}},"type":"metric_msg"}
{"payload":{"local_timestamp":1718010318530,"message_id":188,"metric":{"epoch":null,"metricName":"sys.network.send_bps","metricValue":1496,"step":null}},"type":"metric_msg"}
{"payload":{"local_timestamp":1718010318531,"message_id":189,"metric":{"epoch":null,"metricName":"sys.network.receive_bps","metricValue":1719,"step":null}},"type":"metric_msg"}
{"payload":{"local_timestamp":1718010318635,"message_id":190,"metric":{"epoch":null,"metricName":"sys.disk.read_bps","metricValue":5346789.3394267345,"step":null}},"type":"metric_msg"}
{"payload":{"local_timestamp":1718010318635,"message_id":191,"metric":{"epoch":null,"metricName":"sys.disk.write_bps","metricValue":7361625.265682566,"step":null}},"type":"metric_msg"}
{"payload":{"local_timestamp":1718010349545,"message_id":192,"metric":{"epoch":null,"metricName":"sys.gpu.0.gpu_utilization","metricValue":0,"step":null}},"type":"metric_msg"}
{"payload":{"local_timestamp":1718010349545,"message_id":193,"metric":{"epoch":null,"metricName":"sys.gpu.0.temperature","metricValue":43,"step":null}},"type":"metric_msg"}
{"payload":{"local_timestamp":1718010349545,"message_id":194,"metric":{"epoch":null,"metricName":"sys.gpu.0.memory_utilization","metricValue":0,"step":null}},"type":"metric_msg"}
{"payload":{"local_timestamp":1718010349545,"message_id":195,"metric":{"epoch":null,"metricName":"sys.gpu.0.free_memory","metricValue":4183818240,"step":null}},"type":"metric_msg"}
{"payload":{"local_timestamp":1718010349545,"message_id":196,"metric":{"epoch":null,"metricName":"sys.gpu.0.used_memory","metricValue":111149056,"step":null}},"type":"metric_msg"}
{"payload":{"local_timestamp":1718010349545,"message_id":197,"metric":{"epoch":null,"metricName":"sys.gpu.0.percent.used_memory","metricValue":2.587890625,"step":null}},"type":"metric_msg"}
{"payload":{"local_timestamp":1718010349657,"message_id":198,"metric":{"epoch":null,"metricName":"sys.cpu.percent.avg","metricValue":4.8062499999999995,"step":null}},"type":"metric_msg"}
{"payload":{"local_timestamp":1718010349657,"message_id":199,"metric":{"epoch":null,"metricName":"sys.ram.total","metricValue":16541487104,"step":null}},"type":"metric_msg"}
{"payload":{"local_timestamp":1718010349657,"message_id":200,"metric":{"epoch":null,"metricName":"sys.ram.used","metricValue":11187568640,"step":null}},"type":"metric_msg"}
{"payload":{"local_timestamp":1718010349657,"message_id":201,"metric":{"epoch":null,"metricName":"sys.ram.available","metricValue":5353918464,"step":null}},"type":"metric_msg"}
{"payload":{"local_timestamp":1718010349657,"message_id":202,"metric":{"epoch":null,"metricName":"sys.ram.percent.used","metricValue":67.6,"step":null}},"type":"metric_msg"}
{"payload":{"local_timestamp":1718010349657,"message_id":203,"metric":{"epoch":null,"metricName":"sys.load.avg","metricValue":0.05,"step":null}},"type":"metric_msg"}
{"payload":{"local_timestamp":1718010349763,"message_id":204,"metric":{"epoch":null,"metricName":"sys.network.send_bps","metricValue":2181,"step":null}},"type":"metric_msg"}
{"payload":{"local_timestamp":1718010349763,"message_id":205,"metric":{"epoch":null,"metricName":"sys.network.receive_bps","metricValue":11880,"step":null}},"type":"metric_msg"}
{"payload":{"local_timestamp":1718010349871,"message_id":206,"metric":{"epoch":null,"metricName":"sys.disk.read_bps","metricValue":1478651.7018708757,"step":null}},"type":"metric_msg"}
{"payload":{"local_timestamp":1718010349871,"message_id":207,"metric":{"epoch":null,"metricName":"sys.disk.write_bps","metricValue":2365265.732960412,"step":null}},"type":"metric_msg"}
{"payload":{"local_timestamp":1718010380660,"message_id":208,"metric":{"epoch":null,"metricName":"sys.gpu.0.gpu_utilization","metricValue":0,"step":null}},"type":"metric_msg"}
{"payload":{"local_timestamp":1718010380660,"message_id":209,"metric":{"epoch":null,"metricName":"sys.gpu.0.temperature","metricValue":43,"step":null}},"type":"metric_msg"}
{"payload":{"local_timestamp":1718010380660,"message_id":210,"metric":{"epoch":null,"metricName":"sys.gpu.0.memory_utilization","metricValue":0,"step":null}},"type":"metric_msg"}
{"payload":{"local_timestamp":1718010380660,"message_id":211,"metric":{"epoch":null,"metricName":"sys.gpu.0.free_memory","metricValue":4183818240,"step":null}},"type":"metric_msg"}
{"payload":{"local_timestamp":1718010380660,"message_id":212,"metric":{"epoch":null,"metricName":"sys.gpu.0.used_memory","metricValue":111149056,"step":null}},"type":"metric_msg"}
{"payload":{"local_timestamp":1718010380660,"message_id":213,"metric":{"epoch":null,"metricName":"sys.gpu.0.percent.used_memory","metricValue":2.587890625,"step":null}},"type":"metric_msg"}
{"payload":{"local_timestamp":1718010380769,"message_id":214,"metric":{"epoch":null,"metricName":"sys.cpu.percent.avg","metricValue":7.1000000000000005,"step":null}},"type":"metric_msg"}
{"payload":{"local_timestamp":1718010380769,"message_id":215,"metric":{"epoch":null,"metricName":"sys.ram.total","metricValue":16541487104,"step":null}},"type":"metric_msg"}
{"payload":{"local_timestamp":1718010380769,"message_id":216,"metric":{"epoch":null,"metricName":"sys.ram.used","metricValue":12405022720,"step":null}},"type":"metric_msg"}
{"payload":{"local_timestamp":1718010380769,"message_id":217,"metric":{"epoch":null,"metricName":"sys.ram.available","metricValue":4136464384,"step":null}},"type":"metric_msg"}
{"payload":{"local_timestamp":1718010380769,"message_id":218,"metric":{"epoch":null,"metricName":"sys.ram.percent.used","metricValue":75.0,"step":null}},"type":"metric_msg"}
{"payload":{"local_timestamp":1718010380769,"message_id":219,"metric":{"epoch":null,"metricName":"sys.load.avg","metricValue":0.03,"step":null}},"type":"metric_msg"}
{"payload":{"local_timestamp":1718010380880,"message_id":220,"metric":{"epoch":null,"metricName":"sys.network.send_bps","metricValue":477,"step":null}},"type":"metric_msg"}
{"payload":{"local_timestamp":1718010380880,"message_id":221,"metric":{"epoch":null,"metricName":"sys.network.receive_bps","metricValue":746,"step":null}},"type":"metric_msg"}
{"payload":{"local_timestamp":1718010380985,"message_id":222,"metric":{"epoch":null,"metricName":"sys.disk.read_bps","metricValue":1626877.5872645439,"step":null}},"type":"metric_msg"}
{"payload":{"local_timestamp":1718010380985,"message_id":223,"metric":{"epoch":null,"metricName":"sys.disk.write_bps","metricValue":36654111.853093706,"step":null}},"type":"metric_msg"}
{"payload":{"local_timestamp":1718010393999,"message_id":224,"output":"Traceback (most recent call last):\n  File \"c:\\Users\\steve\\Downloads\\dap_thewi\\dap_thewi-main\\train.py\", line 848, in <module>\n    main(opt)\n  File \"c:\\Users\\steve\\Downloads\\dap_thewi\\dap_thewi-main\\train.py\", line 623, in main\n    train(opt.hyp, opt, device, callbacks)\n  File \"c:\\Users\\steve\\Downloads\\dap_thewi\\dap_thewi-main\\train.py\", line 274, in train\n    assert mlc < nc, f\"Label class {mlc} exceeds nc={nc} in {data}. Possible class labels are 0-{nc - 1}\"\nAssertionError: Label class 15 exceeds nc=1 in data/cow_ear_tags.yaml. Possible class labels are 0-0\n","stderr":true},"type":"standard_output"}
{"payload":{"local_timestamp":1718010394000,"message_id":225,"output":"COMET INFO: ---------------------------------------------------------------------------------------\n","stderr":true},"type":"standard_output"}
{"payload":{"local_timestamp":1718010394000,"message_id":226,"output":"COMET INFO: Comet.ml OfflineExperiment Summary\n","stderr":true},"type":"standard_output"}
{"payload":{"local_timestamp":1718010394000,"message_id":227,"output":"COMET INFO: ---------------------------------------------------------------------------------------\n","stderr":true},"type":"standard_output"}
{"payload":{"local_timestamp":1718010394001,"message_id":228,"output":"COMET INFO:   Data:\n","stderr":true},"type":"standard_output"}
{"payload":{"local_timestamp":1718010394001,"message_id":229,"output":"COMET INFO:     display_summary_level : 1\n","stderr":true},"type":"standard_output"}
{"payload":{"local_timestamp":1718010394001,"message_id":230,"output":"COMET INFO:     name                  : exp\n","stderr":true},"type":"standard_output"}
{"payload":{"local_timestamp":1718010394002,"message_id":231,"output":"COMET INFO:     url                   : [OfflineExperiment will get URL after upload]\n","stderr":true},"type":"standard_output"}
{"payload":{"local_timestamp":1718010394002,"message_id":232,"output":"COMET INFO:   Others:\n","stderr":true},"type":"standard_output"}
{"payload":{"local_timestamp":1718010394002,"message_id":233,"output":"COMET INFO:     Created from                : YOLOv5\n","stderr":true},"type":"standard_output"}
{"payload":{"local_timestamp":1718010394002,"message_id":234,"output":"COMET INFO:     Name                        : exp\n","stderr":true},"type":"standard_output"}
{"payload":{"local_timestamp":1718010394002,"message_id":235,"output":"COMET INFO:     comet_log_batch_metrics     : False\n","stderr":true},"type":"standard_output"}
{"payload":{"local_timestamp":1718010394003,"message_id":236,"output":"COMET INFO:     comet_log_confusion_matrix  : True\n","stderr":true},"type":"standard_output"}
{"payload":{"local_timestamp":1718010394003,"message_id":237,"output":"COMET INFO:     comet_log_per_class_metrics : False\n","stderr":true},"type":"standard_output"}
{"payload":{"local_timestamp":1718010394003,"message_id":238,"output":"COMET INFO:     comet_max_image_uploads     : 100\n","stderr":true},"type":"standard_output"}
{"payload":{"local_timestamp":1718010394003,"message_id":239,"output":"COMET INFO:     comet_mode                  : online\n","stderr":true},"type":"standard_output"}
{"payload":{"local_timestamp":1718010394004,"message_id":240,"output":"COMET INFO:     comet_model_name            : yolov5\n","stderr":true},"type":"standard_output"}
{"payload":{"local_timestamp":1718010394004,"message_id":241,"output":"COMET INFO:     hasNestedParams             : True\n","stderr":true},"type":"standard_output"}
{"payload":{"local_timestamp":1718010394004,"message_id":242,"output":"COMET INFO:     offline_experiment          : True\n","stderr":true},"type":"standard_output"}
{"payload":{"local_timestamp":1718010394004,"message_id":243,"output":"COMET INFO:   Parameters:\n","stderr":true},"type":"standard_output"}
{"payload":{"local_timestamp":1718010394004,"message_id":244,"output":"COMET INFO:     anchor_t            : 4.0\n","stderr":true},"type":"standard_output"}
{"payload":{"local_timestamp":1718010394004,"message_id":245,"output":"COMET INFO:     artifact_alias      : latest\n","stderr":true},"type":"standard_output"}
{"payload":{"local_timestamp":1718010394005,"message_id":246,"output":"COMET INFO:     batch_size          : 16\n","stderr":true},"type":"standard_output"}
{"payload":{"local_timestamp":1718010394005,"message_id":247,"output":"COMET INFO:     bbox_interval       : -1\n","stderr":true},"type":"standard_output"}
{"payload":{"local_timestamp":1718010394005,"message_id":248,"output":"COMET INFO:     box                 : 0.05\n","stderr":true},"type":"standard_output"}
{"payload":{"local_timestamp":1718010394005,"message_id":249,"output":"COMET INFO:     bucket              : \n","stderr":true},"type":"standard_output"}
{"payload":{"local_timestamp":1718010394005,"message_id":250,"output":"COMET INFO:     cache               : None\n","stderr":true},"type":"standard_output"}
{"payload":{"local_timestamp":1718010394006,"message_id":251,"output":"COMET INFO:     cfg                 : \n","stderr":true},"type":"standard_output"}
{"payload":{"local_timestamp":1718010394006,"message_id":252,"output":"COMET INFO:     cls                 : 0.5\n","stderr":true},"type":"standard_output"}
{"payload":{"local_timestamp":1718010394006,"message_id":253,"output":"COMET INFO:     cls_pw              : 1.0\n","stderr":true},"type":"standard_output"}
{"payload":{"local_timestamp":1718010394006,"message_id":254,"output":"COMET INFO:     copy_paste          : 0.0\n","stderr":true},"type":"standard_output"}
{"payload":{"local_timestamp":1718010394007,"message_id":255,"output":"COMET INFO:     cos_lr              : False\n","stderr":true},"type":"standard_output"}
{"payload":{"local_timestamp":1718010394007,"message_id":256,"output":"COMET INFO:     degrees             : 0.0\n","stderr":true},"type":"standard_output"}
{"payload":{"local_timestamp":1718010394007,"message_id":257,"output":"COMET INFO:     device              : \n","stderr":true},"type":"standard_output"}
{"payload":{"local_timestamp":1718010394007,"message_id":258,"output":"COMET INFO:     entity              : None\n","stderr":true},"type":"standard_output"}
{"payload":{"local_timestamp":1718010394007,"message_id":259,"output":"COMET INFO:     evolve              : None\n","stderr":true},"type":"standard_output"}
{"payload":{"local_timestamp":1718010394007,"message_id":260,"output":"COMET INFO:     evolve_population   : data\\hyps\n","stderr":true},"type":"standard_output"}
{"payload":{"local_timestamp":1718010394009,"message_id":261,"output":"COMET INFO:     exist_ok            : False\n","stderr":true},"type":"standard_output"}
{"payload":{"local_timestamp":1718010394009,"message_id":262,"output":"COMET INFO:     fl_gamma            : 0.0\n","stderr":true},"type":"standard_output"}
{"payload":{"local_timestamp":1718010394009,"message_id":263,"output":"COMET INFO:     fliplr              : 0.5\n","stderr":true},"type":"standard_output"}
{"payload":{"local_timestamp":1718010394009,"message_id":264,"output":"COMET INFO:     flipud              : 0.0\n","stderr":true},"type":"standard_output"}
{"payload":{"local_timestamp":1718010394010,"message_id":265,"output":"COMET INFO:     freeze              : [0]\n","stderr":true},"type":"standard_output"}
{"payload":{"local_timestamp":1718010394010,"message_id":266,"output":"COMET INFO:     hsv_h               : 0.015\n","stderr":true},"type":"standard_output"}
{"payload":{"local_timestamp":1718010394010,"message_id":267,"output":"COMET INFO:     hsv_s               : 0.7\n","stderr":true},"type":"standard_output"}
{"payload":{"local_timestamp":1718010394010,"message_id":268,"output":"COMET INFO:     hsv_v               : 0.4\n","stderr":true},"type":"standard_output"}
{"payload":{"local_timestamp":1718010394010,"message_id":269,"output":"COMET INFO:     hyp|anchor_t        : 4.0\n","stderr":true},"type":"standard_output"}
{"payload":{"local_timestamp":1718010394010,"message_id":270,"output":"COMET INFO:     hyp|box             : 0.05\n","stderr":true},"type":"standard_output"}
{"payload":{"local_timestamp":1718010394010,"message_id":271,"output":"COMET INFO:     hyp|cls             : 0.5\n","stderr":true},"type":"standard_output"}
{"payload":{"local_timestamp":1718010394011,"message_id":272,"output":"COMET INFO:     hyp|cls_pw          : 1.0\n","stderr":true},"type":"standard_output"}
{"payload":{"local_timestamp":1718010394011,"message_id":273,"output":"COMET INFO:     hyp|copy_paste      : 0.0\n","stderr":true},"type":"standard_output"}
{"payload":{"local_timestamp":1718010394011,"message_id":274,"output":"COMET INFO:     hyp|degrees         : 0.0\n","stderr":true},"type":"standard_output"}
{"payload":{"local_timestamp":1718010394011,"message_id":275,"output":"COMET INFO:     hyp|fl_gamma        : 0.0\n","stderr":true},"type":"standard_output"}
{"payload":{"local_timestamp":1718010394012,"message_id":276,"output":"COMET INFO:     hyp|fliplr          : 0.5\n","stderr":true},"type":"standard_output"}
{"payload":{"local_timestamp":1718010394012,"message_id":277,"output":"COMET INFO:     hyp|flipud          : 0.0\n","stderr":true},"type":"standard_output"}
{"payload":{"local_timestamp":1718010394012,"message_id":278,"output":"COMET INFO:     hyp|hsv_h           : 0.015\n","stderr":true},"type":"standard_output"}
{"payload":{"local_timestamp":1718010394012,"message_id":279,"output":"COMET INFO:     hyp|hsv_s           : 0.7\n","stderr":true},"type":"standard_output"}
{"payload":{"local_timestamp":1718010394012,"message_id":280,"output":"COMET INFO:     hyp|hsv_v           : 0.4\n","stderr":true},"type":"standard_output"}
{"payload":{"local_timestamp":1718010394013,"message_id":281,"output":"COMET INFO:     hyp|iou_t           : 0.2\n","stderr":true},"type":"standard_output"}
{"payload":{"local_timestamp":1718010394013,"message_id":282,"output":"COMET INFO:     hyp|lr0             : 0.01\n","stderr":true},"type":"standard_output"}
{"payload":{"local_timestamp":1718010394013,"message_id":283,"output":"COMET INFO:     hyp|lrf             : 0.01\n","stderr":true},"type":"standard_output"}
{"payload":{"local_timestamp":1718010394013,"message_id":284,"output":"COMET INFO:     hyp|mixup           : 0.0\n","stderr":true},"type":"standard_output"}
{"payload":{"local_timestamp":1718010394013,"message_id":285,"output":"COMET INFO:     hyp|momentum        : 0.937\n","stderr":true},"type":"standard_output"}
{"payload":{"local_timestamp":1718010394013,"message_id":286,"output":"COMET INFO:     hyp|mosaic          : 1.0\n","stderr":true},"type":"standard_output"}
{"payload":{"local_timestamp":1718010394013,"message_id":287,"output":"COMET INFO:     hyp|obj             : 1.0\n","stderr":true},"type":"standard_output"}
{"payload":{"local_timestamp":1718010394014,"message_id":288,"output":"COMET INFO:     hyp|obj_pw          : 1.0\n","stderr":true},"type":"standard_output"}
{"payload":{"local_timestamp":1718010394014,"message_id":289,"output":"COMET INFO:     hyp|perspective     : 0.0\n","stderr":true},"type":"standard_output"}
{"payload":{"local_timestamp":1718010394014,"message_id":290,"output":"COMET INFO:     hyp|scale           : 0.5\n","stderr":true},"type":"standard_output"}
{"payload":{"local_timestamp":1718010394014,"message_id":291,"output":"COMET INFO:     hyp|shear           : 0.0\n","stderr":true},"type":"standard_output"}
{"payload":{"local_timestamp":1718010394015,"message_id":292,"output":"COMET INFO:     hyp|translate       : 0.1\n","stderr":true},"type":"standard_output"}
{"payload":{"local_timestamp":1718010394015,"message_id":293,"output":"COMET INFO:     hyp|warmup_bias_lr  : 0.1\n","stderr":true},"type":"standard_output"}
{"payload":{"local_timestamp":1718010394015,"message_id":294,"output":"COMET INFO:     hyp|warmup_epochs   : 3.0\n","stderr":true},"type":"standard_output"}
{"payload":{"local_timestamp":1718010394015,"message_id":295,"output":"COMET INFO:     hyp|warmup_momentum : 0.8\n","stderr":true},"type":"standard_output"}
{"payload":{"local_timestamp":1718010394015,"message_id":296,"output":"COMET INFO:     hyp|weight_decay    : 0.0005\n","stderr":true},"type":"standard_output"}
{"payload":{"local_timestamp":1718010394015,"message_id":297,"output":"COMET INFO:     image_weights       : False\n","stderr":true},"type":"standard_output"}
{"payload":{"local_timestamp":1718010394015,"message_id":298,"output":"COMET INFO:     imgsz               : 640\n","stderr":true},"type":"standard_output"}
{"payload":{"local_timestamp":1718010394015,"message_id":299,"output":"COMET INFO:     iou_t               : 0.2\n","stderr":true},"type":"standard_output"}
{"payload":{"local_timestamp":1718010394015,"message_id":300,"output":"COMET INFO:     label_smoothing     : 0.0\n","stderr":true},"type":"standard_output"}
{"payload":{"local_timestamp":1718010394015,"message_id":301,"output":"COMET INFO:     local_rank          : -1\n","stderr":true},"type":"standard_output"}
{"payload":{"local_timestamp":1718010394015,"message_id":302,"output":"COMET INFO:     lr0                 : 0.01\n","stderr":true},"type":"standard_output"}
{"payload":{"local_timestamp":1718010394015,"message_id":303,"output":"COMET INFO:     lrf                 : 0.01\n","stderr":true},"type":"standard_output"}
{"payload":{"local_timestamp":1718010394015,"message_id":304,"output":"COMET INFO:     mixup               : 0.0\n","stderr":true},"type":"standard_output"}
{"payload":{"local_timestamp":1718010394015,"message_id":305,"output":"COMET INFO:     momentum            : 0.937\n","stderr":true},"type":"standard_output"}
{"payload":{"local_timestamp":1718010394015,"message_id":306,"output":"COMET INFO:     mosaic              : 1.0\n","stderr":true},"type":"standard_output"}
{"payload":{"local_timestamp":1718010394015,"message_id":307,"output":"COMET INFO:     multi_scale         : False\n","stderr":true},"type":"standard_output"}
{"payload":{"local_timestamp":1718010394015,"message_id":308,"output":"COMET INFO:     name                : exp\n","stderr":true},"type":"standard_output"}
{"payload":{"local_timestamp":1718010394015,"message_id":309,"output":"COMET INFO:     ndjson_console      : False\n","stderr":true},"type":"standard_output"}
{"payload":{"local_timestamp":1718010394015,"message_id":310,"output":"COMET INFO:     ndjson_file         : False\n","stderr":true},"type":"standard_output"}
{"payload":{"local_timestamp":1718010394015,"message_id":311,"output":"COMET INFO:     noautoanchor        : False\n","stderr":true},"type":"standard_output"}
{"payload":{"local_timestamp":1718010394015,"message_id":312,"output":"COMET INFO:     noplots             : False\n","stderr":true},"type":"standard_output"}
{"payload":{"local_timestamp":1718010394018,"message_id":313,"output":"COMET INFO:     nosave              : False\n","stderr":true},"type":"standard_output"}
{"payload":{"local_timestamp":1718010394018,"message_id":314,"output":"COMET INFO:     noval               : False\n","stderr":true},"type":"standard_output"}
{"payload":{"local_timestamp":1718010394018,"message_id":315,"output":"COMET INFO:     obj                 : 1.0\n","stderr":true},"type":"standard_output"}
{"payload":{"local_timestamp":1718010394018,"message_id":316,"output":"COMET INFO:     obj_pw              : 1.0\n","stderr":true},"type":"standard_output"}
{"payload":{"local_timestamp":1718010394018,"message_id":317,"output":"COMET INFO:     optimizer           : SGD\n","stderr":true},"type":"standard_output"}
{"payload":{"local_timestamp":1718010394019,"message_id":318,"output":"COMET INFO:     patience            : 100\n","stderr":true},"type":"standard_output"}
{"payload":{"local_timestamp":1718010394019,"message_id":319,"output":"COMET INFO:     perspective         : 0.0\n","stderr":true},"type":"standard_output"}
{"payload":{"local_timestamp":1718010394020,"message_id":320,"output":"COMET INFO:     project             : runs\\train\n","stderr":true},"type":"standard_output"}
{"payload":{"local_timestamp":1718010394020,"message_id":321,"output":"COMET INFO:     quad                : False\n","stderr":true},"type":"standard_output"}
{"payload":{"local_timestamp":1718010394020,"message_id":322,"output":"COMET INFO:     rect                : False\n","stderr":true},"type":"standard_output"}
{"payload":{"local_timestamp":1718010394020,"message_id":323,"output":"COMET INFO:     resume              : False\n","stderr":true},"type":"standard_output"}
{"payload":{"local_timestamp":1718010394020,"message_id":324,"output":"COMET INFO:     resume_evolve       : None\n","stderr":true},"type":"standard_output"}
{"payload":{"local_timestamp":1718010394020,"message_id":325,"output":"COMET INFO:     save_dir            : runs\\train\\exp8\n","stderr":true},"type":"standard_output"}
{"payload":{"local_timestamp":1718010394021,"message_id":326,"output":"COMET INFO:     save_period         : -1\n","stderr":true},"type":"standard_output"}
{"payload":{"local_timestamp":1718010394021,"message_id":327,"output":"COMET INFO:     scale               : 0.5\n","stderr":true},"type":"standard_output"}
{"payload":{"local_timestamp":1718010394021,"message_id":328,"output":"COMET INFO:     seed                : 0\n","stderr":true},"type":"standard_output"}
{"payload":{"local_timestamp":1718010394021,"message_id":329,"output":"COMET INFO:     shear               : 0.0\n","stderr":true},"type":"standard_output"}
{"payload":{"local_timestamp":1718010394021,"message_id":330,"output":"COMET INFO:     single_cls          : False\n","stderr":true},"type":"standard_output"}
{"payload":{"local_timestamp":1718010394021,"message_id":331,"output":"COMET INFO:     sync_bn             : False\n","stderr":true},"type":"standard_output"}
{"payload":{"local_timestamp":1718010394021,"message_id":332,"output":"COMET INFO:     translate           : 0.1\n","stderr":true},"type":"standard_output"}
{"payload":{"local_timestamp":1718010394022,"message_id":333,"output":"COMET INFO:     upload_dataset      : False\n","stderr":true},"type":"standard_output"}
{"payload":{"local_timestamp":1718010394022,"message_id":334,"output":"COMET INFO:     val_conf_threshold  : 0.001\n","stderr":true},"type":"standard_output"}
{"payload":{"local_timestamp":1718010394022,"message_id":335,"output":"COMET INFO:     val_iou_threshold   : 0.6\n","stderr":true},"type":"standard_output"}
{"payload":{"local_timestamp":1718010394022,"message_id":336,"output":"COMET INFO:     warmup_bias_lr      : 0.1\n","stderr":true},"type":"standard_output"}
{"payload":{"local_timestamp":1718010394022,"message_id":337,"output":"COMET INFO:     warmup_epochs       : 3.0\n","stderr":true},"type":"standard_output"}
{"payload":{"local_timestamp":1718010394022,"message_id":338,"output":"COMET INFO:     warmup_momentum     : 0.8\n","stderr":true},"type":"standard_output"}
{"payload":{"local_timestamp":1718010394023,"message_id":339,"output":"COMET INFO:     weight_decay        : 0.0005\n","stderr":true},"type":"standard_output"}
{"payload":{"local_timestamp":1718010394023,"message_id":340,"output":"COMET INFO:     workers             : 8\n","stderr":true},"type":"standard_output"}
{"payload":{"local_timestamp":1718010394023,"message_id":341,"output":"COMET INFO:   Uploads:\n","stderr":true},"type":"standard_output"}
{"payload":{"local_timestamp":1718010394023,"message_id":342,"output":"COMET INFO:     asset               : 3 (1.27 KB)\n","stderr":true},"type":"standard_output"}
{"payload":{"local_timestamp":1718010394023,"message_id":343,"output":"COMET INFO:     environment details : 1\n","stderr":true},"type":"standard_output"}
{"payload":{"local_timestamp":1718010394023,"message_id":344,"output":"COMET INFO:     installed packages  : 1\n","stderr":true},"type":"standard_output"}
{"payload":{"local_timestamp":1718010394023,"message_id":345,"output":"COMET INFO: \n","stderr":true},"type":"standard_output"}
