{"payload":{"installed_packages":["about-time==4.2.1","absl-py==2.1.0","alive-progress==3.1.5","asttokens==2.4.1","astunparse==1.6.3","attrs==23.2.0","autograd==1.6.2","autopep8==1.7.0","beautifulsoup4==4.12.3","bleach==6.1.0","cachetools==5.3.3","cattrs==23.2.3","certifi==2024.2.2","cffi==1.15.1","charset-normalizer==3.3.2","chex==0.1.86","click==8.1.3","cloudpickle==3.0.0","cma==3.2.2","colorama==0.4.5","comet-ml==3.42.1","comm==0.2.1","configobj==5.0.8","contourpy==1.2.0","coremltools==7.2","cryptography==38.0.1","cycler==0.12.1","debugpy==1.8.1","decorator==5.1.1","defusedxml==0.7.1","deprecated==1.2.14","dill==0.3.8","dulwich==0.22.1","etils==1.7.0","everett==3.1.0","exceptiongroup==1.2.0","executing==2.0.1","fastjsonschema==2.19.1","fhict-cb-01==0.1","filelock==3.14.0","flask==2.2.2","flask-login==0.6.2","flatbuffers==24.3.25","flax==0.8.4","fonttools==4.49.0","fsspec==2024.5.0","future==1.0.0","gast==0.5.4","gitdb==4.0.11","gitpython==3.1.43","google-auth==2.29.0","google-auth-oauthlib==1.2.0","google-pasta==0.2.0","grapheme==0.6.0","greenlet==1.1.3","grpcio==1.64.0","h5py==3.11.0","idna==3.7","importlib_resources==6.4.0","intel-openmp==2021.4.0","ipykernel==6.29.2","ipython==8.22.1","itsdangerous==2.1.2","jax==0.4.28","jaxlib==0.4.28","jedi==0.19.1","jinja2==3.1.2","joblib==1.3.2","jsonschema==4.21.1","jsonschema-specifications==2023.12.1","jstyleson==0.0.2","jupyter_client==8.6.0","jupyter_core==5.7.1","jupyterlab_pygments==0.3.0","keras==2.15.0","kiwisolver==1.4.5","libclang==18.1.1","llvmlite==0.42.0","markdown==3.6","markdown-it-py==3.0.0","markupsafe==2.1.1","matplotlib==3.8.3","matplotlib-inline==0.1.6","mdurl==0.1.2","missingno==0.5.2","mistune==3.0.2","mkl==2021.4.0","ml-dtypes==0.3.2","mpmath==1.3.0","msgpack==1.0.8","namex==0.0.8","natsort==8.4.0","nbclient==0.9.0","nbconvert==7.16.1","nbformat==5.9.2","nest-asyncio==1.6.0","networkx==3.3","ninja==1.11.1.1","nncf==2.10.0","numba==0.59.0","numpy==1.26.4","nvidia-cuda-runtime-cu12==12.5.39","oauthlib==3.2.2","onnx==1.16.1","onnxsim==0.4.36","opencv-python==4.9.0.80","openvino==2024.1.0","openvino-telemetry==2024.1.0","opt-einsum==3.3.0","optax==0.2.2","optree==0.11.0","orbax-checkpoint==0.5.15","packaging==23.2","pandas==2.2.1","pandocfilters==1.5.1","parso==0.8.3","pillow==10.3.0","pip==24.0","platformdirs==4.2.0","prompt-toolkit==3.0.43","protobuf==3.20.3","psutil==5.9.8","pure-eval==0.2.2","py==1.11.0","py-cpuinfo==9.0.0","pyaml==24.4.0","pyasn1==0.6.0","pyasn1_modules==0.4.0","pybind11==2.12.0","pycocotools==2.0.7","pycodestyle==2.9.1","pycountry==23.12.11","pycparser==2.21","pydot==2.0.0","pygments==2.17.2","pymata4==1.15","pymoo==0.6.1.1","pyparsing==3.1.1","pyserial==3.5","python-box==6.1.0","python-dateutil==2.8.2","pytz==2024.1","pywin32==306","pyyaml==6.0.1","pyzmq==25.1.2","referencing==0.33.0","requests==2.32.2","requests-oauthlib==2.0.0","requests-toolbelt==1.0.0","rich==13.7.1","rpds-py==0.18.0","rsa==4.9","scikit-learn==1.4.1.post1","scipy==1.12.0","seaborn==0.13.2","semantic-version==2.10.0","sentry-sdk==2.3.1","setuptools==70.0.0","shap==0.44.1","simplejson==3.19.2","six==1.16.0","slicer==0.0.7","smmap==5.0.1","soupsieve==2.5","sqlalchemy==1.4.40","stack-data==0.6.3","sympy==1.12","tabulate==0.9.0","tbb==2021.12.0","tensorboard==2.15.2","tensorboard-data-server==0.7.2","tensorflow==2.15.1","tensorflow-estimator==2.15.0","tensorflow-hub==0.16.1","tensorflow-intel==2.15.1","tensorflow-io-gcs-filesystem==0.31.0","tensorflow_decision_forests==1.8.1","tensorflowjs==4.19.0","tensorrt==10.0.1","tensorrt-cu12==10.0.1","tensorrt-cu12_bindings==10.0.1","tensorrt-cu12_libs==10.0.1","tensorstore==0.1.60","termcolor==2.4.0","tf_keras==2.15.1","tflite-support==0.1.0a1","thop==0.1.1-2209072238","threadpoolctl==3.3.0","tinycss2==1.2.1","toml==0.10.2","toolz==0.12.1","torch==2.3.0","torchvision==0.18.0","tornado==6.4","tqdm==4.66.2","traitlets==5.14.1","typing_extensions==4.12.0","tzdata==2024.1","ucimlrepo==0.0.3","ultralytics==8.2.20","urllib3==2.2.1","wcwidth==0.2.13","webencodings==0.5.1","werkzeug==2.2.2","wheel==0.43.0","wrapt==1.14.1","wurlitzer==3.1.0","x2paddle==1.4.1","zipp==3.19.1"],"message_id":1},"type":"installed_packages"}
{"payload":{"command":["c:/Users/steve/Downloads/dap_thewi/dap_thewi-main/train.py"],"env":null,"hostname":"Stevens-laptop","ip":"145.93.40.251","machine":"AMD64","message_id":2,"os":"Windows-10-10.0.22631-SP0","os_release":"10","os_type":"Windows","pid":14392,"processor":"AMD64 Family 25 Model 80 Stepping 0, AuthenticAMD","python_exe":"C:\\Users\\steve\\AppData\\Local\\Programs\\Python\\Python310\\python.exe","python_version":"3.10.6","python_version_verbose":"3.10.6 (tags/v3.10.6:9c7b4bd, Aug  1 2022, 21:53:49) [MSC v.1932 64 bit (AMD64)]","user":"steve"},"type":"system_details"}
{"payload":{"gpu_static_info":[{"gpu_index":0,"name":"NVIDIA GeForce RTX 3050 Ti Laptop GPU","power_limit":null,"total_memory":4294967296,"uuid":"GPU-a7155d48-96b7-7e43-2b09-b19a35b5f64c"}],"message_id":3},"type":"gpu_static_info"}
{"payload":{"local_timestamp":1717411487814,"message_id":4,"metric":{"epoch":null,"metricName":"sys.gpu.0.total_memory","metricValue":4294967296,"step":null}},"type":"metric_msg"}
{"payload":{"key":"offline_experiment","message_id":5,"value":true},"type":"log_other"}
{"payload":{"key":"Name","message_id":6,"value":"exp"},"type":"log_other"}
{"payload":{"local_timestamp":1717411487823,"message_id":7,"metric":{"epoch":null,"metricName":"sys.gpu.0.gpu_utilization","metricValue":0,"step":null}},"type":"metric_msg"}
{"payload":{"local_timestamp":1717411487823,"message_id":8,"metric":{"epoch":null,"metricName":"sys.gpu.0.power_usage","metricValue":12866,"step":null}},"type":"metric_msg"}
{"payload":{"local_timestamp":1717411487823,"message_id":9,"metric":{"epoch":null,"metricName":"sys.gpu.0.temperature","metricValue":52,"step":null}},"type":"metric_msg"}
{"payload":{"local_timestamp":1717411487823,"message_id":10,"metric":{"epoch":null,"metricName":"sys.gpu.0.memory_utilization","metricValue":0,"step":null}},"type":"metric_msg"}
{"payload":{"local_timestamp":1717411487823,"message_id":11,"metric":{"epoch":null,"metricName":"sys.gpu.0.free_memory","metricValue":4183818240,"step":null}},"type":"metric_msg"}
{"payload":{"local_timestamp":1717411487823,"message_id":12,"metric":{"epoch":null,"metricName":"sys.gpu.0.used_memory","metricValue":111149056,"step":null}},"type":"metric_msg"}
{"payload":{"local_timestamp":1717411487823,"message_id":13,"metric":{"epoch":null,"metricName":"sys.gpu.0.percent.used_memory","metricValue":2.587890625,"step":null}},"type":"metric_msg"}
{"payload":{"local_timestamp":1717411487864,"message_id":14,"output":"Traceback (most recent call last):\n  File \"c:\\Users\\steve\\Downloads\\dap_thewi\\dap_thewi-main\\train.py\", line 848, in <module>\n    main(opt)\n  File \"c:\\Users\\steve\\Downloads\\dap_thewi\\dap_thewi-main\\train.py\", line 623, in main\n    train(opt.hyp, opt, device, callbacks)\n  File \"c:\\Users\\steve\\Downloads\\dap_thewi\\dap_thewi-main\\train.py\", line 153, in train\n    loggers = Loggers(\n  File \"c:\\Users\\steve\\Downloads\\dap_thewi\\dap_thewi-main\\utils\\loggers\\__init__.py\", line 148, in __init__\n    self.comet_logger = CometLogger(self.opt, self.hyp)\n  File \"c:\\Users\\steve\\Downloads\\dap_thewi\\dap_thewi-main\\utils\\loggers\\comet\\__init__.py\", line 97, in __init__\n    self.data_dict = self.check_dataset(self.opt.data)\n  File \"c:\\Users\\steve\\Downloads\\dap_thewi\\dap_thewi-main\\utils\\loggers\\comet\\__init__.py\", line 247, in check_dataset\n    data_config = yaml.safe_load(f)\n  File \"C:\\Users\\steve\\AppData\\Local\\Programs\\Python\\Python310\\lib\\site-packages\\yaml\\__init__.py\", line 125, in safe_load\n    return load(stream, SafeLoader)\n  File \"C:\\Users\\steve\\AppData\\Local\\Programs\\Python\\Python310\\lib\\site-packages\\yaml\\__init__.py\", line 79, in load\n    loader = Loader(stream)\n  File \"C:\\Users\\steve\\AppData\\Local\\Programs\\Python\\Python310\\lib\\site-packages\\yaml\\loader.py\", line 34, in __init__\n    Reader.__init__(self, stream)\n  File \"C:\\Users\\steve\\AppData\\Local\\Programs\\Python\\Python310\\lib\\site-packages\\yaml\\reader.py\", line 85, in __init__\n    self.determine_encoding()\n  File \"C:\\Users\\steve\\AppData\\Local\\Programs\\Python\\Python310\\lib\\site-packages\\yaml\\reader.py\", line 124, in determine_encoding\n    self.update_raw()\n  File \"C:\\Users\\steve\\AppData\\Local\\Programs\\Python\\Python310\\lib\\site-packages\\yaml\\reader.py\", line 178, in update_raw\n    data = self.stream.read(size)\n  File \"C:\\Users\\steve\\AppData\\Local\\Programs\\Python\\Python310\\lib\\encodings\\cp1252.py\", line 23, in decode\n    return codecs.charmap_decode(input,self.errors,decoding_table)[0]\nUnicodeDecodeError: 'charmap' codec can't decode byte 0x90 in position 291: character maps to <undefined>\n","stderr":true},"type":"standard_output"}
{"payload":{"local_timestamp":1717411488172,"message_id":15,"metric":{"epoch":null,"metricName":"sys.cpu.percent.avg","metricValue":0.0,"step":null}},"type":"metric_msg"}
{"payload":{"local_timestamp":1717411488172,"message_id":16,"metric":{"epoch":null,"metricName":"sys.ram.total","metricValue":16541487104,"step":null}},"type":"metric_msg"}
{"payload":{"local_timestamp":1717411488172,"message_id":17,"metric":{"epoch":null,"metricName":"sys.ram.used","metricValue":9501237248,"step":null}},"type":"metric_msg"}
{"payload":{"local_timestamp":1717411488172,"message_id":18,"metric":{"epoch":null,"metricName":"sys.ram.available","metricValue":7040249856,"step":null}},"type":"metric_msg"}
{"payload":{"local_timestamp":1717411488172,"message_id":19,"metric":{"epoch":null,"metricName":"sys.ram.percent.used","metricValue":57.4,"step":null}},"type":"metric_msg"}
{"payload":{"local_timestamp":1717411488172,"message_id":20,"metric":{"epoch":null,"metricName":"sys.load.avg","metricValue":0.0,"step":null}},"type":"metric_msg"}
